Cluster,Pregnancies,Glucose,BloodPressure,SkinThickness,Insulin,BMI,DiabetesPedigreeFunction,Age
0,0.10024691358024691,0.5841750841750842,0.594915824915825,0.2430228208005986,0.11224936520444793,0.5349108367626886,0.17448840813486416,0.09128086419753083
1,0.4942528735632184,0.7074625566004876,0.7163793103448275,0.22021943573667713,0.11679709790494823,0.5564698711250435,0.19300479990576871,0.5951867816091954
2,0.379047619047619,0.5396825396825398,0.5875324675324675,0.11111111111111112,0.02250365867387144,0.5151354818021484,0.12999878004147858,0.28531746031746025
