k,SSE,Silhouette
1,126.77088038976464,
2,97.24643211240686,0.25661430412970054
3,85.11374505010572,0.18471867546413742
4,78.2942267132176,0.17377962021657997
5,73.19781814187486,0.1605610800124578
6,69.60301682257654,0.14476981865374067
7,63.58298397803608,0.16860731817357058
8,61.45635959566509,0.1411521534601055
9,58.11795605665252,0.13901068182901596
10,55.70779218809515,0.14400638395440793
