Component,ExplainedVariance,CumulativeVariance
1,0.8455424694288324,0.8455424694288324
2,0.053675815101003006,0.8992182845298354
3,0.02765529346351792,0.9268735779933533
4,0.019792386974498446,0.9466659649678518
5,0.017868566302111834,0.9645345312699637
6,0.015129139115578463,0.9796636703855421
7,0.012438484499643023,0.9921021548851852
8,0.007897845114814808,1.0
