Metric,Value
Accuracy,0.7532467532467533
Precision,0.6739130434782609
Recall,0.5740740740740741
F1,0.62
